200	http://www.kunlunxin.com/
200	https://adp.cloud.tencent.com/
200	https://api-docs.deepseek.com/zh-cn/quick_start/pricing
202	https://chat.deepseek.com/
200	https://chatglm.cn/
200	https://cloud.baidu.com/
200	https://cloud.baidu.com/doc/AppBuilder/s/build-rag-workflow-app
200	https://cloud.tencent.com/
200	https://cloud.tencent.com/product/acc
200	https://cloud.tencent.com/product/tclm
200	https://comate.baidu.com/
200	https://docs.bigmodel.cn/cn/guide/start/introduction
200	https://docs.z.ai/guides/overview/quick-start
200	https://ernie.baidu.com/blog/zh/posts/ernie4.5/
200	https://github.com/QwenLM/Qwen3
200	https://help.aliyun.com/zh/lingma/
200	https://help.aliyun.com/zh/model-studio/single-agent-application
200	https://help.aliyun.com/zh/model-studio/what-is-model-studio
200	https://ir.baidu.com/news-releases/news-release-details/baidu-announces-first-quarter-2025-results
200	https://ir.minimax.io/zh-HK
200	https://kimi.moonshot.cn/
200	https://static.sse.com.cn/stock/disclosure/announcement/c/202506/688256_20250604_5OJ3.pdf
200	https://static.www.tencent.com/attachments/ssv/2021/TencentSSVReport2021.pdf
200	https://support.huaweicloud.com/productdesc-pangulm/pangulm_01_0001.html
200	https://www.aliyun.com/
200	https://www.cambricon.com/
200	https://www.hiascend.com/
200	https://www.huaweicloud.com/
200	https://www.huaweicloud.com/intl/zh-cn/product/modelarts
200	https://www.huaweicloud.com/product/pangu
526	https://www.minimaxir.com/`。该域名不是
200	https://www.moonshot.cn/
200	https://www.t-head.cn/product/npu
200	https://www.trae.cn/
200	https://www.volcengine.com/
200	https://www.volcengine.com/docs/82379.?lang=zh
200	https://www.volcengine.com/product/ark
